Symbol,Name,"Earnings Date",Released,Latest,Change,%Change,"20D Avg Vol","Market Cap",Time
ANCTF,"Alimentation Couche-Tard",2026-09-01,"After Close",62.35,0,0.00%,125885,N/A,2026-08-21
BCUFF,"Bell Copper Corp",2026-08-24,--,0.0541,-0.0012,-2.17%,18425,N/A,2026-08-21
CGAC,"Code Green Apparel Corp",2026-09-11,--,0.0001,0,0.00%,9435350,N/A,2026-08-21
CSOL,"China Solar & Clean Energy Solutions Inc",2026-09-03,--,0.0066,0,0.00%,11250,N/A,2026-08-20
GEBHY,"Genting Berhad Spons ADR",2026-09-04,--,2.55,-0.1,-3.77%,4000,N/A,2026-08-21
GWOX,"Goodheart-Willcox CO Inc",2026-09-18,--,364,4,+1.11%,110,N/A,2026-08-19
LANV,"Lanvin Group Holdings Limited",2026-08-26,"Before Open",1.05,0.03,+2.94%,65730,131876000,2026-08-21
MQBKY,"Macquarie Group Ltd ADR",2026-08-28,--,178.57,-0.149,-0.08%,10390,N/A,2026-08-21
NA,"Nano Labs Ltd ADR",2026-08-28,"Before Open",2,0.08,+4.17%,19385,46994000,2026-08-21
PANXF,"Ptx Metals Inc",2026-09-04,--,0.0633,-0.0009,-1.40%,131140,N/A,2026-08-21
PDC,"Perpetuals.com Ltd ADR",2026-08-26,--,3.1,-0.08,-2.52%,35685,9457000,2026-08-21
SBSNY,"Vend Marketplace ADR",2026-08-27,--,26.37,-0.16,-0.60%,16205,N/A,2026-08-20
SKTG,"Skytech Orion Global Corp",2026-09-02,--,0.0071,0.0017,+31.48%,88310,N/A,2026-08-21
STRNY,"Severn Trent Plc ADR",2026-08-26,--,43.01,0.36,+0.84%,17970,N/A,2026-08-21
TCCMF,"Three Crowns Critical Metals Inc",2026-08-27,--,0.545,-0.0844,-13.41%,2779,N/A,2026-08-21
AIV,"Apartment Investment and Management",2026-08-24,--,2.62,0.01,+0.38%,785380,380521000,2026-08-21
CBAT,"Cbak Energy Technology Ltd",2026-08-24,--,0.8235,0.0033,+0.40%,331270,73000000,2026-08-21
CDSG,"China Dongsheng Intl Inc",2026-08-24,--,0.0024,0,0.00%,559645,562000,2026-08-21
CHRN,"Chronoscale Holdings Corp",2026-08-24,--,23.84,-0.26,-1.06%,170665,84969000,2026-08-21
CHRYY,"Chorus Limited ADR",2026-08-24,--,28.0601,-0.0719,-0.26%,1040,2434972000,2026-08-21
CLPMF,"Clip Money Inc",2026-08-24,--,0.12,0,0.00%,11945,13622000,2026-08-19
CURR,"Currenc Group Inc",2026-08-24,--,3.51,-0.34,-8.83%,184725,268905000,2026-08-21
CYCL,"Cycclone Inc",2026-08-24,--,0.04,-0.0102,-20.32%,17870,1639000,2026-08-18
DNGDF,"Dynacor Group Inc",2026-08-24,--,4.44,0.22,+5.21%,28760,186254000,2026-08-21
FRGT,"Freight Technologies Inc",2026-08-24,--,1.64,0,0.00%,850130,938000,2026-08-21
GASS,"Stealthgas Inc",2026-08-24,--,9.63,0.11,+1.16%,110130,361289000,2026-08-21
GGR,"Gogoro Inc",2026-08-24,"Before Open",2.27,0.02,+0.89%,17785,33535000,2026-08-21
GRFS,"Grifols S.A. ADR",2026-08-24,--,8,0.01,+0.13%,540205,5444600000,2026-08-21
GRRR,"Gorilla Technology Group Inc",2026-08-24,"After Close",16.06,0.81,+5.31%,929510,441811000,2026-08-21
GRRRW,"Gorilla Technology Group Inc WT",2026-08-24,"After Close",0.2254,0.0162,+7.74%,17790,N/A,2026-08-21
HMR,"Heidmar Maritime Holdings Corp",2026-08-24,--,1.35,-0.1,-6.90%,56125,79639000,2026-08-21
LRHC,"LA Rosa Holdings Corp",2026-08-24,--,0.5918,0.0282,+5.00%,1714125,1248000,2026-08-21
MOLN,"Molecular Partners Ag ADR",2026-08-24,--,4.4,0.17,+4.02%,1235,177646000,2026-08-21
NCTY,"The9 Ltd ADR",2026-08-24,"Before Open",5.78,1.42,+32.57%,315815,88006000,2026-08-21
NSSC,"Napco Sec Tech Inc",2026-08-24,"Before Open",38.09,0.32,+0.85%,260905,1360841000,2026-08-21
PDD,"Pdd Holdings Inc",2026-08-24,"Before Open",88.38,-1.14,-1.27%,5915480,125799728000,2026-08-21
PICS,"Pics N.V.",2026-08-24,"After Close",10.6,0.55,+5.47%,421670,0,2026-08-21
SPCOQ,"Stephan CO",2026-08-24,--,0.425,0.015,+3.66%,5490,1765000,2026-08-20
SPHRY,"Starpharma Holdings Ltd",2026-08-24,--,5.4,0,0.00%,1295,227302000,2026-08-21
SSL,"Sasol Ltd ADR",2026-08-24,--,12.49,0.22,+1.79%,1092115,8110694000,2026-08-21
SVIN,"Scheid Vineyards Inc A",2026-08-24,--,1,0,0.00%,1035,917000,2026-08-19
TPHS,"Trinity Place Hldgs Inc",2026-08-24,--,0.0305,0.0037,+13.81%,16310,1981000,2026-08-21
TUYA,"Tuya Inc ADR",2026-08-24,"After Close",1.8,0.05,+2.86%,462670,977773000,2026-08-21
VRSEF,"Verisante Technology Inc",2026-08-24,--,0.0012,0.0001,+9.09%,3030,53000,2026-08-21
WUXAY,"Wuxi Apptec CO ADR",2026-08-24,--,26.17,-0.54,-2.02%,2600,12831884000,2026-08-21
XPEV,"Xpeng Inc ADR",2026-08-24,"Before Open",12.19,0.19,+1.58%,6533370,11639962000,2026-08-21
XYF,"X Financial ADR",2026-08-24,"Before Open",5.39,-0.11,-2.00%,47530,210673000,2026-08-21
AAME,"Atlantic Amer Corp",2026-08-25,--,1.35,0.01,+0.75%,18315,27536000,2026-08-21
ADNH,"Advent Techs Hldgs Inc",2026-08-25,--,0.0011,-0.001,-47.62%,5090,4000,2026-08-21
AHCHY,"Anhui Conch Cem ADR",2026-08-25,--,11.1,-0.09,-0.80%,32495,11701110000,2026-08-21
ALPS,"Alps Group Inc",2026-08-25,--,0.32,0.05,+18.52%,54835,53248000,2026-08-21
ALUR,"Allurion Technologies Inc",2026-08-25,--,2.065,0.115,+5.90%,2890,2067000,2026-08-21
AREC,"American Resources Corp",2026-08-25,--,2.68,0.11,+4.28%,2448415,286682000,2026-08-21
AVXL,"Anavex Lf SC",2026-08-25,--,3.24,0.11,+3.51%,880755,300338000,2026-08-21
BMO,"Bank of Montreal",2026-08-25,"Before Open",174.43,1.53,+0.88%,840495,121603168000,2026-08-21
BNS,"Bank of Nova Scotia",2026-08-25,"Before Open",87.57,1.13,+1.31%,1903450,106731368000,2026-08-21
BOX,"Box Inc",2026-08-25,"After Close",32.91,0.009999999999998,+0.03%,2638535,4556390000,2026-08-21
BRLS,"Borealis Foods Inc",2026-08-25,--,1.85,0.1,+5.71%,2418160,39707000,2026-08-21
BRLSW,"Borealis Foods Inc WT",2026-08-25,--,0.0498,-0.0021,-4.05%,10245,N/A,2026-08-21
BRTX,"Biorestorative Therapies Inc",2026-08-25,--,0.2153,-0.0053,-2.40%,370625,5485000,2026-08-21
BTMCQ,"Bitcoin Depot Inc",2026-08-25,--,0.02,0,0.00%,6330,223000,2026-08-21
BYDDF,"Byd CO Ltd H Shs",2026-08-25,--,11.8031,0.1531,+1.31%,111735,103081528000,2026-08-21
BYDDY,"Byd CO Ltd ADR",2026-08-25,--,11.78,0.16,+1.38%,1052960,105242520000,2026-08-21
BZ,"Kanzhun Ltd ADR",2026-08-25,"Before Open",15.95,0.17,+1.08%,3980045,6541876000,2026-08-21
CDLR,"Cadeler As ADR",2026-08-25,"Before Open",23.92,-0.17,-0.71%,59855,2308591000,2026-08-21
CNTM,"Connectm Technology Solutions Inc",2026-08-25,--,4.7,-0.04,-0.84%,5180,26476000,2026-08-21
CSHR,"Coinshares Plc",2026-08-25,--,5.82,0.41,+7.69%,236395,766301000,2026-08-21
CTRN,"Citi Trends Inc",2026-08-25,"Before Open",71.71,1.56,+2.22%,127815,597329000,2026-08-21
DCCPF,"Dcc Plc Ord Shs",2026-08-25,--,84.62,-1.02,-1.19%,590,8374504000,2026-08-21
DKS,"Dick's Sporting Goods Inc",2026-08-25,"Before Open",183.23,3.89,+2.17%,1615505,16399632000,2026-08-21
EH,"Ehang Holdings Ltd ADR",2026-08-25,"Before Open",5.51,0.01,+0.18%,549675,413917000,2026-08-21
ELMD,"Electromed Inc",2026-08-25,"After Close",39.45,-0.55,-1.37%,64220,326650000,2026-08-21
ELME,"Elme Communities",2026-08-25,--,1.66,0.04,+2.47%,678795,147504000,2026-08-21
FLYE,"Fly-E Group Inc",2026-08-25,--,1.6728,-0.0172,-1.02%,11100,2731000,2026-08-21
FORTY,"Formula Sys [1985] ADR",2026-08-25,--,116.21,6.335,+5.77%,685,1781498000,2026-08-20
FSCO,"FS Credit Opportunities Corp",2026-08-25,"After Close",5.18,0.04,+0.78%,882655,1047759000,2026-08-21
GGAL,"Grupo Fin Galicia ADR",2026-08-25,--,41.45,0.45,+1.10%,832170,6657906000,2026-08-21
GORO,"Gold Resource Corp",2026-08-25,--,3.19,0.19,+6.33%,1275195,516429000,2026-08-21
GTEN,"Gores Holdings X Inc Cl A",2026-08-25,--,10.62,-0.05,-0.42%,85055,478697000,2026-08-20
HEI,"Heico Corp",2026-08-25,"After Close",355.04,4.46,+1.27%,413900,49584528000,2026-08-21
HEI.A,"Heico Corp Cl A",2026-08-25,"After Close",261,3.08,+1.19%,223350,36450996000,2026-08-21
HGYN,"Hong Yuan Holding Group",2026-08-25,--,0.0474,-0.0026,-5.20%,27625,3538000,2026-08-21
INTU,"Intuit Inc",2026-08-25,"After Close",367,5.13,+1.42%,3732960,100388072000,2026-08-21
JOYY,"Joyy Inc ADR",2026-08-25,"After Close",73.61,-0.16,-0.22%,265255,3679396000,2026-08-21
KOAN,"Resonate Blends Inc",2026-08-25,--,0.0004,0,0.00%,5862485,191000,2026-08-21
LGMK,"Logicmark Inc",2026-08-25,--,1,-0.02,-1.96%,10205,900000,2026-08-21
LYRA,"Lyra Therapeutics Inc",2026-08-25,--,0.01,0.0096,"+2,400.00%",5365,18000,2026-08-21
MCOM,"Micromobility.com Inc A",2026-08-25,--,0.0002,0,0.00%,22465,18000,2026-08-21
MPVDF,"Mountain Province Diamnds",2026-08-25,--,0.0002,0.0001,+100.00%,67705,43000,2026-08-21
MZTI,"The Marzetti Company",2026-08-25,"Before Open",111.63,-1.26,-1.12%,292945,3061118000,2026-08-21
NCNO,"Ncino Inc",2026-08-25,"After Close",20.62,0.26,+1.28%,2152770,2258983000,2026-08-21
NNOX,"Nano-X Imaging Ltd",2026-08-25,--,0.8599,-0.0251,-2.84%,1088580,67579000,2026-08-21
NOAH,"Noah Holdings Ltd ADR",2026-08-25,"After Close",8.8,0.020000000000001,+0.23%,119690,593534000,2026-08-21
NORD,"Nordicus Partners Corp",2026-08-25,--,4.098,-0.002,-0.05%,2345,78895000,2026-08-21
NRDE,"NU Ride Inc",2026-08-25,--,1.7,0.06,+3.66%,12630,27120000,2026-08-21
PALAF,"Paladin Energy Ltd",2026-08-25,"After Close",7.892,0.612,+8.41%,31040,3546097000,2026-08-21
PDCC,"Pearl Diver Credit Company Inc",2026-08-25,"Before Open",8.78,0,0.00%,5535,59739000,2026-08-21
PNGAY,"Ping An Ins CO of China",2026-08-25,--,14.31,0.19,+1.35%,202810,130795120000,2026-08-21
PSWW,"Principal Solar Inc",2026-08-25,--,0.0001,0,0.00%,2599185,262000,2026-08-19
QFIN,"Qfin Holdings Inc ADR",2026-08-25,"After Close",11.57,0.13,+1.09%,1291895,1409279000,2026-08-21
QMLS,"Qumulusai Inc",2026-08-25,"After Close",5.86,0.5,+9.33%,477060,0,2026-08-21
RBOT,"Vicarious Surgical Inc",2026-08-25,--,0.04,0.0017,+4.44%,42590,285000,2026-08-21
SEGG,"Sports Entertainment Gaming Global Corp",2026-08-25,--,2.5,-0.08,-3.10%,128229,8151000,2026-08-21
SHMD,"Schmid Group N.V. Cl A",2026-08-25,"Before Open",4.91,0.1,+2.08%,410035,283803000,2026-08-21
SHPH,"Shuttle Pharmaceuticals Holdings Inc",2026-08-25,--,3.76,0.05,+1.35%,303420,2396000,2026-08-21
SLQT,"Selectquote Inc",2026-08-25,"Before Open",0.8281,-0.0072,-0.86%,706970,146034000,2026-08-21
SMTC,"Semtech Corp",2026-08-25,"After Close",124.09,-0.79,-0.63%,2359775,11559108000,2026-08-21
SNLAY,"Sino Land CO Ltd ADR",2026-08-25,--,6.4,-0.3908,-5.75%,5705,12270260000,2026-08-21
SNT,"Senstar Technologies Ltd",2026-08-25,"Before Open",1.75,0.04,+2.34%,10735,40831000,2026-08-21
STRS,"Stratus Pptys Inc",2026-08-25,--,19.25,-0.15,-0.77%,85130,153667000,2026-08-21
STRT,"Strattec Security",2026-08-25,"After Close",81.79,2.38,+3.00%,86565,341784000,2026-08-21
TOUR,"Tuniu Corporatio ADR",2026-08-25,"Before Open",4.9,0.03,+0.62%,6390,53513000,2026-08-21
TYIDY,"Toyota Indus Crp ADR",2026-08-25,--,121.61,-6.39,-4.99%,725,36540520000,2026-08-21
UNTN,"United Tennessee Bnkshs",2026-08-25,--,30.5,0.4149,+1.38%,945,22202000,2026-08-21
UPXI,"Upexi Inc",2026-08-25,--,1.08,0.1467,+15.72%,1527180,84998000,2026-08-21
UUU,"Universal Safety Products Inc",2026-08-25,--,6.4,-0.05,-0.78%,38360,19382000,2026-08-21
VIPS,"Vipshop Holdings Ltd ADR",2026-08-25,"Before Open",14.53,0.23,+1.61%,1795760,6957633000,2026-08-21
VSTD,"Vestand Inc",2026-08-25,--,0.0013,0.0011,+550.00%,264585,22000,2026-08-21
VWFB,"Vwf Bancorp Inc",2026-08-25,--,14.9,0.9,+6.43%,4420,28539000,2026-08-21
WINT,"Windtree Therapeutics New",2026-08-25,--,0.0001,-0.0001,-50.00%,45520,4000,2026-08-21
ZENA,"Zenatech Inc",2026-08-25,--,2.03,0.12,+6.28%,6665070,45677000,2026-08-21
ZM,"Zoom Communications Inc",2026-08-25,"After Close",107.43,1.13,+1.06%,2908490,31501912000,2026-08-21
A,"Agilent Technologies",2026-08-26,"After Close",159,2.7,+1.73%,1734115,44906688000,2026-08-21
AACG,"Ata Creativity Global ADR",2026-08-26,--,0.97,-0.04,-3.96%,682300,41739000,2026-08-21
ABPO,"Abpro Holdings Inc",2026-08-26,--,0.1939,-0.0084,-4.15%,11040,1143000,2026-08-21
ADAPY,"Adaptimmune Therapeutics Plc ADR",2026-08-26,--,0.027,0,0.00%,162890,7156000,2026-08-21
AEXA,"American Exceptionalism Acquisition Corp. A Cl A",2026-08-26,--,11.68,0.06,+0.52%,63835,577704000,2026-08-21
ANAB,"Anaptysbio Inc",2026-08-26,--,57.74,1.05,+1.85%,405945,1709566000,2026-08-21
ANF,"Abercrombie & Fitch Company",2026-08-26,"Before Open",109.01,3.99,+3.80%,1003980,4843532000,2026-08-21
ATCH,"Atlasclear Holdings Inc",2026-08-26,--,0.1951,0.0037,+1.93%,1338095,29331000,2026-08-21
BBWI,"Bath & Body Works Inc",2026-08-26,"Before Open",19.45,0.009999999999998,+0.05%,5410660,3920381000,2026-08-21
CRM,"Salesforce Inc",2026-08-26,"After Close",209.17,3.74,+1.82%,12800255,171310224000,2026-08-21
CRWD,"Crowdstrike Holdings",2026-08-26,"After Close",191.95,1.61,+0.85%,7650115,195454800000,2026-08-21
CYAN,"Cyanotech Corp",2026-08-26,--,0.45,-0.04,-8.16%,2695,3326000,2026-08-18
DCI,"Donaldson Company",2026-08-26,"Before Open",93.25,0.81,+0.88%,637420,10808701000,2026-08-21
DOMO,"Domo Inc Cl B",2026-08-26,--,3.8,0.03,+0.80%,936090,171555000,2026-08-21
DSC,"Dsc Holdings Ltd American Depositary Shares",2026-08-26,"Before Open",8.53,0.6,+7.57%,63670,427114000,2026-08-21
DY,"Dycom Industries",2026-08-26,"Before Open",392.95,-7.28,-1.82%,426805,11800681000,2026-08-21
GAUZ,"Gauzy Ltd",2026-08-26,--,0.397,0.067,+20.30%,14528140,9126000,2026-08-21
GBUX,"Givbux Inc",2026-08-26,--,0.0004,0.0001,+33.33%,12723185,190000,2026-08-21
GURE,"Gulf Resources Inc",2026-08-26,--,3.4,0.09,+2.72%,10125,6166000,2026-08-21
HDL,"Super HI International Holding Ltd ADR",2026-08-26,"Before Open",14,-0.24,-1.69%,975,910420000,2026-08-21
HPQ,"HP Inc",2026-08-26,"After Close",29.71,0.24,+0.81%,14350780,27170478000,2026-08-21
HTT,"High Templar Tech Ltd WT",2026-08-26,--,2.5,0.03,+1.21%,80435,391690000,2026-08-21
IVPR,"Inspire Veteinry Ptn A",2026-08-26,--,0.0001,0,0.00%,308725,12000,"14:51 ET"
JKS,"Jinkosolar Holding Company ADR",2026-08-26,"Before Open",15.92,0.050000000000001,+0.32%,577325,833730000,2026-08-21
KAYS,"Kaya Holdings Inc",2026-08-26,--,0.0001,0,0.00%,12555,4000,2026-08-21
KLDCF,"Kenorland Minerals Ltd",2026-08-26,--,1.8145,-0.0315,-1.71%,32050,145857000,2026-08-21
KSS,"Kohl's Corp",2026-08-26,"Before Open",17.6,0.27,+1.56%,3467475,1995840000,2026-08-21
KTCC,"Key Tronic Corp",2026-08-26,--,3.83,0.1,+2.55%,14050,41536000,2026-08-21
LI,"Li Auto Inc ADR",2026-08-26,"Before Open",13.05,0.13,+1.01%,3015770,13981796000,2026-08-21
LKSP,"Lake Superior Acquisition Corp. Cl A",2026-08-26,--,10.22,0.02,+0.20%,42265,199566000,2026-08-20
LTRX,"Lantronix Inc",2026-08-26,"After Close",5.98,-0.09,-1.48%,700880,263024000,2026-08-21
MCFT,"Mastercraft Boat Holdings Inc",2026-08-26,--,25.46,0.14,+0.55%,181345,414489000,2026-08-21
MLPNF,"Millennial Potash Corp",2026-08-26,--,2.09,0.039,+1.90%,107585,257087000,2026-08-21
MOV,"Movado Group Inc",2026-08-26,"Before Open",34.81,-0.53,-1.50%,172875,768535000,2026-08-21
NRXBF,"Nurexone Biologic Inc",2026-08-26,--,0.4567,-0.0241,-5.01%,22050,43139000,2026-08-21
NTIOF,"Natl Bk of Canada",2026-08-26,"Before Open",159.19,2.12,+1.35%,40670,61106196000,2026-08-21
NTNX,"Nutanix Inc",2026-08-26,"After Close",67.64,1.31,+1.97%,2479875,18284514000,2026-08-21
NUVM,"Nuvim Inc",2026-08-26,--,0.003,0.0005,+20.00%,38820,357000,2026-08-21
NVDA,"Nvidia Corp",2026-08-26,"After Close",214.72,-2.13,-0.98%,116581250,5196224000000,2026-08-21
OKTA,"Okta Inc Cl A",2026-08-26,"After Close",135.14,0.98,+0.73%,2536520,23488280000,2026-08-21
OOMA,"Ooma Inc",2026-08-26,"After Close",22.02,1.51,+7.36%,392785,605550000,2026-08-21
P,"Everpure Inc",2026-08-26,"After Close",108.55,-1.43,-1.30%,3121575,36082564000,2026-08-21
PAHC,"Phibro Anl Htlh A",2026-08-26,"After Close",36.32,1.14,+3.24%,189695,1473321000,2026-08-21
PGXPF,"Pelangio Exploration",2026-08-26,--,0.1277,-0.0039,-2.96%,68530,32137000,2026-08-21
PLAB,"Photronics Inc",2026-08-26,"Before Open",30.51,-0.01,-0.03%,871510,1798992000,2026-08-21
PTN,"Palatin Technologies Inc",2026-08-26,--,9.69,-0.51,-5.00%,20665,17241000,2026-08-21
RFHRF,"Renforth Resources Inc",2026-08-26,--,0.0176,-0.002,-10.20%,74060,6391000,2026-08-21
RYDE,"Ryde Group Ltd Cl A",2026-08-26,--,0.8285,-0.0164,-1.94%,280685,28285000,2026-08-21
SFDL,"Security Federal Corp",2026-08-26,--,43.05,0.05,+0.12%,625,133162000,2026-08-21
SFL,"Ship Finance International",2026-08-26,"Before Open",12.39,-0.13,-1.04%,1222875,1791383000,2026-08-21
SJ,"Scienjoy Holding Corp",2026-08-26,--,0.9618,0.0252,+2.69%,23870,38028000,2026-08-21
SJM,"J.M. Smucker Company",2026-08-26,"Before Open",124.32,1.27,+1.03%,1188590,13260220000,2026-08-21
SLOIF,"Soitec Bernin Ord New",2026-08-26,--,125.5,-1.54,-1.21%,1810,4483613000,2026-08-21
SNBRQ,"Sleep Number Corp",2026-08-26,--,0.025,0.0079,+46.20%,353745,576000,2026-08-21
SNPS,"Synopsys Inc",2026-08-26,"After Close",397.87,-0.05,-0.01%,1578580,76183752000,2026-08-21
SOPAQ,"Society Pass Inc",2026-08-26,--,0.01,0,0.00%,38560,76000,2026-08-21
SOUHY,"South32 Ltd ADR",2026-08-26,--,17.8,0.41,+2.36%,58120,15971886000,2026-08-21
SSKN,"Strata Skin Scien",2026-08-26,--,0.0001,-0.0001,-50.00%,9535,1000,2026-08-21
STDN,"Standard Nuclear Inc Cl A",2026-08-26,"After Close",12.64,-0.33,-2.54%,811920,0,2026-08-21
TCOM,"Trip.com Group Ltd ADR",2026-08-26,--,46.11,-0.32,-0.69%,2843145,29952318000,2026-08-21
TGS,"Transportadora DE Gas Sa Ord B ADR",2026-08-26,--,28.1,-0.02,-0.07%,211940,4230511000,2026-08-21
THKLY,"Thk CO Ltd ADR",2026-08-26,--,21.515,0.285,+1.34%,620,5124873000,2026-08-21
TIGR,"Up Fintech Holding Ltd ADR",2026-08-26,"Before Open",5.33,0.26,+5.13%,2199550,1011096000,2026-08-21
TRMD,"Torm Plc Cl A",2026-08-26,"Before Open",31.8,0.74,+2.38%,457160,3244777000,2026-08-21
URBN,"Urban Outfitters Inc",2026-08-26,"After Close",74.24,1.59,+2.19%,934790,6357543000,2026-08-21
VEEV,"Veeva Systems Inc",2026-08-26,"After Close",247.9,-2.63,-1.05%,1758365,40269616000,2026-08-21
WSM,Williams-Sonoma,2026-08-26,"Before Open",237.58,1.88,+0.80%,874645,27974332000,2026-08-21
WYGPY,"Worley Ltd ADR",2026-08-26,--,7.69,0.29,+3.92%,8060,3750105000,2026-08-20
YB,"Yuanbao Inc ADR",2026-08-26,--,13.52,0.12,+0.90%,23625,609482000,2026-08-21
ZH,"Zhihu Inc ADR",2026-08-26,"Before Open",3.22,0.01,+0.31%,168340,278694000,2026-08-21
ZVSA,"Zyversa Therapeutics Inc",2026-08-26,--,0.1033,-0.0067,-6.09%,7930,820000,2026-08-21
ADSK,"Autodesk Inc",2026-08-27,"After Close",253.82,2.8,+1.12%,1948490,53557076000,2026-08-21
ADTX,"Aditxt Inc",2026-08-27,--,0.005,0.0028,+127.27%,18031750,4000,2026-08-21
AFRM,"Affirm Holdings Inc Cl A",2026-08-27,"After Close",77.03,1.98,+2.64%,2892955,25797268000,2026-08-21
ALAR,"Alarum Technologies Ltd ADR",2026-08-27,--,1.69,0.01,+0.60%,128140,12419000,2026-08-21
ATHE,"Alterity Therapeutics Ltd ADR",2026-08-27,--,4.67,0.22,+4.94%,10700,41410000,2026-08-21
BACK,"Imac Holdings Inc",2026-08-27,--,0.0005,0,0.00%,15465,2000,2026-08-21
BBAR,"Bbva Banco Frances S.A.",2026-08-27,"After Close",14.05,-0.03,-0.21%,697220,2869530000,2026-08-21
BBW,"Build-A-Bear Workshop",2026-08-27,"Before Open",38.89,1.11,+2.94%,350390,487564000,2026-08-21
BBY,"Best Buy Company",2026-08-27,"Before Open",85.89,0.16,+0.19%,3231590,18102776000,2026-08-21
BILI,"Bilibili Inc ADR",2026-08-27,"Before Open",17.06,0.4,+2.40%,2249785,7075089000,2026-08-21
BINI,"Bollinger Innovations New",2026-08-27,--,0.052,-0.015,-22.39%,32850,26000,2026-08-21
BLRX,"Biolinerx Ltd ADR",2026-08-27,--,2.81,0.05,+1.81%,8030,12275000,2026-08-21
BNXTF,"Bionxt Solutions Inc",2026-08-27,--,0.2278,0.0101,+4.64%,1555,31002000,2026-08-21
BPTH,"Bio-Path Holdings Inc",2026-08-27,--,0.034,-0.0017,-4.76%,26475,1746000,2026-08-21
BTTC,"Black Titan Corp",2026-08-27,--,0.601,-0.0097,-1.59%,3348415,6476000,2026-08-21
BURL,"Burlington Stores Inc",2026-08-27,"Before Open",326.5,-6.73,-2.02%,768455,20550564000,2026-08-21
BZUN,"Baozun Inc ADR",2026-08-27,"Before Open",2.84,0.04,+1.43%,197200,165021000,2026-08-21
CAN,"Canaan Inc ADR",2026-08-27,--,0.355,0.0761,+27.29%,18517186,254253000,2026-08-21
CARM,"Carisma Therapeutics Inc",2026-08-27,--,0.0012,-0.0011,-47.83%,12765,50000,2026-08-21
CEPF,"Cantor Equity Partners IV Cl A",2026-08-27,--,10.34,-0.05,-0.48%,49235,590931000,2026-08-21
CEPO,"Cantor Equity Partners I Cl A",2026-08-27,--,10.8,0.12,+1.12%,162085,275400000,2026-08-21
CEPV,"Cantor Equity Partners V Inc Cl A",2026-08-27,--,10.39,0.01,+0.10%,65260,330298000,2026-08-21
CHCJY,"China Citic Bk ADR",2026-08-27,--,19.6,0.21,+1.08%,730,47956300000,2026-08-19
CM,"Canadian Imperial Bank of Commerce",2026-08-27,"Before Open",116.49,0.8,+0.69%,963255,106337312000,2026-08-21
CMBT,"Cmb.Tech NV",2026-08-27,"Before Open",18.05,0.43,+2.44%,886140,3599224000,2026-08-21
CMMB,"Chemomab Therapeutics Ltd ADR",2026-08-27,--,2.16,0.09,+4.35%,65965,15553000,2026-08-21
CNFN,"Cfn Enterprises Inc",2026-08-27,--,0.3522,-0.5418,-60.60%,2280,3359000,2026-08-19
COVTY,"Covestro Ag ADR",2026-08-27,--,34.5676,0.2276,+0.66%,1170,14355268000,2026-08-21
CREG,"Smart Power Corp",2026-08-27,--,0.2223,0.0026,+1.18%,23905,610000,2026-08-21
CSIQ,"Canadian Solar Inc",2026-08-27,"Before Open",14.55,-0.18,-1.22%,1744770,987901000,2026-08-21
CWGL,"Crimson Wine Group Ltd",2026-08-27,--,4.25,-0.0125,-0.29%,10075,87491000,2026-08-21
DG,"Dollar General Corp",2026-08-27,"Before Open",123.41,2.83,+2.35%,1946720,27222642000,2026-08-21
DIDIY,"Didi Global Inc ADR",2026-08-27,--,3.85,-0.09,-2.28%,3906040,17550536000,2026-08-21
DLTR,"Dollar Tree Inc",2026-08-27,"Before Open",131.48,3.03,+2.36%,1925375,25267168000,2026-08-21
EKTAY,"Elekta B Shs ADR",2026-08-27,"Before Open",5.885,0.125,+2.17%,5290,2169141000,2026-08-21
EONR,"Eon Resources Inc",2026-08-27,--,0.4806,0.0036,+0.75%,501985,24015000,2026-08-21
ESTC,"Elastic N.V.",2026-08-27,"After Close",85.94,0.039999999999992,+0.05%,2247705,8933636000,2026-08-21
FINV,"Finvolution Group ADR",2026-08-27,"After Close",4.35,-0.05,-1.14%,469190,1058307000,2026-08-21
GAP,"Gap Inc",2026-08-27,"After Close",19.8,0.15,+0.76%,5216095,7127584000,2026-08-21
GLMD,"Galmed Pharmaceutica",2026-08-27,--,4.3,-0.26,-5.59%,51237,4484000,2026-08-21
GOTU,"Gaotu Techedu Inc ADR",2026-08-27,"Before Open",1.68,0,0.00%,266470,402946000,2026-08-21
GRDX,"Gridai Technologies Corp",2026-08-27,--,3.57,-0.18,-4.83%,120490,24673000,2026-08-21
HMY,"Harmony Gold Mining ADR",2026-08-27,"Before Open",23.54,1.52,+6.90%,2891310,14990249000,2026-08-21
HQY,Healthequity,2026-08-27,"Before Open",105.41,1.14,+1.09%,674125,8812486000,2026-08-21
HRL,"Hormel Foods Corp",2026-08-27,"Before Open",23.88,-0.2,-0.83%,3610460,13141521000,2026-08-21
HUBG,"Hub Group Inc A",2026-08-27,--,40.73,0.68,+1.70%,1345425,2490802000,2026-08-21
IMPUY,"Impala Platinum Hldgs ADR",2026-08-27,--,14.64,0.7,+5.02%,167610,13131934000,2026-08-21
IMRN,"Immuron Ltd ADR",2026-08-27,--,1.12,-0.06,-5.08%,19685,9040000,2026-08-21
INNI,"Innovaro Inc",2026-08-27,--,0.0185,0.0003,+1.65%,52260,418000,2026-08-19
IOBTQ,"Io Biotech Inc",2026-08-27,--,0.0001,0,0.00%,36440,7000,2026-08-21
IPST,"Ip Strategy Holdings Inc",2026-08-27,--,9.65,-0.66,-6.40%,7402970,6963000,2026-08-21
IREN,"Iren Limited",2026-08-27,"After Close",41.88,-0.72,-1.69%,47588480,14967032000,2026-08-21
ITP,"IT Tech Packaging Inc",2026-08-27,--,0.1791,0.0033,+1.88%,658220,3038000,2026-08-21
KEN,"Kenon Holdings Ltd",2026-08-27,--,66.25,1.05,+1.61%,21065,3452155000,2026-08-21
KOSS,"Koss Corp",2026-08-27,--,3.57,0.13,+3.78%,14990,33795000,2026-08-21
KRKNF,"Kraken Robotics Inc",2026-08-27,"Before Open",4.32,0.11,+2.61%,691575,1604500000,2026-08-21
LFLRF,"Lafleur Minerals Inc",2026-08-27,--,0.2642,0.0143,+5.72%,54580,30235000,2026-08-21
LFVN,"Lifevantage Corp",2026-08-27,"After Close",6.69,0.04,+0.60%,55935,84401000,2026-08-21
LIPO,"Lipella Pharms Inc",2026-08-27,--,0.0004,0,0.00%,40115,2000,2026-08-19
LOT,"Lotus Technology Inc ADR",2026-08-27,"Before Open",1.11,0.03,+2.78%,220465,712720000,2026-08-21
LUCK,"Lucky Strike Entertainment Corp",2026-08-27,"Before Open",6.8,0.22,+3.34%,58105,929030000,2026-08-21
LYSDY,"Lynas Rare Earths ADR",2026-08-27,--,12,0.568,+4.97%,272830,12078036000,2026-08-21
MBUU,"Malibu Boats Inc",2026-08-27,"Before Open",29.5,-0.03,-0.10%,169630,579291000,2026-08-21
MGAM,"Mobile Global Esports Inc",2026-08-27,--,0.0003,-0.0003,-50.00%,2106870,55000,2026-08-20
MRVL,"Marvell Technology Inc",2026-08-27,"After Close",237.04,-13.97,-5.57%,24125855,207362576000,2026-08-21
MSPR,"Recovery Inc A",2026-08-27,--,0.0001,0,0.00%,16695,1000,2026-08-20
MTLS,"Materialise NV ADR",2026-08-27,"Before Open",6.61,0.1,+1.54%,60300,390433000,2026-08-21
NAT,"Nordic American Tanker Shipping Ltd",2026-08-27,--,6.97,-0.02,-0.29%,2853350,1475905000,2026-08-21
NAUH,"National American University Holdings Inc",2026-08-27,--,0.0281,-0.0106,-27.39%,4680,823000,2026-08-20
NIHK,"Video River Networks Inc",2026-08-27,--,0.0029,0.0008,+38.10%,40820,529000,2026-08-21
NJDCY,"Nihon Densan Kabushiki Kaisha ADR",2026-08-27,--,4.07,0.035,+0.87%,7485,38830048000,2026-08-21
NMHI,"Nature's Miracle Hldg Inc",2026-08-27,--,0.0005,-0.0001,-16.67%,15492569,419000,2026-08-21
PD,"Pagerduty Inc",2026-08-27,"After Close",12.32,0.2,+1.65%,1219365,950155000,2026-08-21
PEVM,"Phoenix Motor Inc",2026-08-27,--,0.021,0.001,+5.00%,810,30000,2026-08-20
PRNDY,"Pernod Ricard S A ADR",2026-08-27,--,15.91,-0.17,-1.06%,681380,20068014000,2026-08-21
PURR,"Hyperliquid Strategies Inc",2026-08-27,"Before Open",10.58,0.5,+4.96%,13187325,1528260000,2026-08-21
RBRK,"Rubrik Inc Cl A",2026-08-27,"After Close",100.09,2.57,+2.64%,3095520,20601424000,2026-08-21
REBN,"Reborn Coffee Inc",2026-08-27,--,1.31,0.05,+3.97%,125495,10760000,2026-08-21
ROYL,"Royale Energy Inc",2026-08-27,--,0.011,0,0.00%,16450,1063000,2026-08-20
RY,"Royal Bank of Canada",2026-08-27,"Before Open",205.23,0.019999999999982,+0.01%,1274615,284571712000,2026-08-21
S,"Sentinelone Inc Cl A",2026-08-27,"After Close",21.19,0.25,+1.19%,6489790,7264017000,2026-08-21
SEUSF,"Sinatra Energy",2026-08-27,--,0.2987,-0.0013,-0.43%,84740,167012000,2026-08-21
SFES,"Safeguard Scientifics Inc",2026-08-27,--,0.385,0.0054,+1.42%,13150,6438000,2026-08-21
SGMOQ,"Sangamo Therapeutics Inc",2026-08-27,--,0.1423,-0.0179,-11.17%,3752545,59026000,2026-08-21
SMXT,"Solarmax Technology Inc",2026-08-27,--,3.64,-0.17,-4.58%,22062,17278000,2026-08-21
SNYR,"Synergy Chc Corp",2026-08-27,--,0.1009,-0.0154,-13.24%,11182655,1522000,2026-08-21
TD,"Toronto Dominion Bank",2026-08-27,"Before Open",117.15,0.30000000000001,+0.26%,2085410,192690208000,2026-08-21
TITN,"Titan Machinery Inc",2026-08-27,"Before Open",20.18,2.09,+11.55%,195120,470234000,2026-08-21
TKMO,"Tekumo Inc",2026-08-27,--,0.0345,-0.0045,-11.54%,25125,182000,2026-08-21
TSPH,"Createai Holdings Inc  A",2026-08-27,--,0.19,0.01,+5.56%,26925,46830000,2026-08-21
TULP,"Bloomia Holdings Inc",2026-08-27,--,3.46,-0.02,-0.57%,3330,16513000,2026-08-20
TWNPQ,"Twin Hospitality Grp A",2026-08-27,--,0.0001,0,0.00%,19665,5000,2026-08-21
ULTA,"Ulta Beauty Inc",2026-08-27,"After Close",521.46,6.32,+1.23%,570005,22417040000,2026-08-21
VPER,"Viper Networks Inc",2026-08-27,--,0.0002,0,0.00%,1640440,1356000,2026-08-21
VTGDF,"Vantage Drilling Co.",2026-08-27,--,0.0001,0,0.00%,57875,1000,2026-08-19
WDAY,"Workday Inc",2026-08-27,"After Close",200.01,2.69,+1.36%,5258530,49402472000,2026-08-21
WOOF,"Petco Health and Wellness Company Cl A",2026-08-27,--,2.84,-0.01,-0.35%,1473770,918331000,2026-08-21
WORXD,"Scworx Corp",2026-08-27,--,4.951,0.041,+0.84%,889,445000,2026-08-19
XMAX,"Xmax Inc",2026-08-27,--,8.61,0.06,+0.70%,590710,555543000,2026-08-21
AMBBY,"Ambu A S ADR",2026-08-28,--,11.65,0.79,+7.27%,665,2737447000,2026-08-18
BRID,"Bridgford Foods Corp",2026-08-28,--,6.28,0.05,+0.80%,3765,57002000,2026-08-21
BWLP,"Bw Lpg Ltd",2026-08-28,"Before Open",24.72,1.21,+5.15%,303300,3741199000,2026-08-21
CFRUY,"Compagnie Fnce Rch ADR",2026-08-28,--,23.18,0.37,+1.62%,485425,249223056000,2026-08-21
EXNRF,"Excellon Resources Inc",2026-08-28,--,0.29,-0.0063,-2.13%,218800,113289000,2026-08-21
FECOF,"Fec Resources Inc Ord",2026-08-28,--,0.0009,-0.0007,-43.75%,55140,775000,2026-08-21
HAFN,"Hafnia Ltd",2026-08-28,"Before Open",8.16,0.27,+3.42%,1049740,4182523000,2026-08-21
IONGF,"Osiris One Metals Ltd",2026-08-28,--,0.0163,-0.0053,-24.54%,12840,1121000,2026-08-21
MNSO,"Miniso Group Holding Ltd ADR",2026-08-28,"Before Open",11.02,-0.11,-0.99%,669140,3413335000,2026-08-21
UI,"Ubiquiti Networks",2026-08-28,--,559,-14.87,-2.59%,124330,33831792000,2026-08-21
ZONE,"Cleancore Solutions Inc Cl B",2026-08-28,--,0.159,-0.0023,-1.43%,13792870,35485000,2026-08-21
LX,"Lexinfintech Holdings Ltd ADR",2026-08-31,"Before Open",1.33,-0.01,-0.75%,1743585,222776000,2026-08-21
SAIC,"Science Applications International",2026-08-31,"Before Open",128.04,1.75,+1.39%,386715,5413147000,2026-08-21
SY,"So-Young International Inc ADR",2026-08-31,"Before Open",2.29,0.02,+0.88%,181965,232664000,2026-08-21
ASO,"Academy Sports and Outdoors Inc",2026-09-01,--,45.83,0.18,+0.39%,1270980,2842285000,2026-08-21
CISS,"C3Is Inc",2026-09-01,--,2.92,-0.01,-0.34%,2226216,108000,2026-08-21
CRDO,"Credo Technology Group Holding",2026-09-01,"After Close",230.57,-0.78,-0.34%,5003355,42996236000,2026-08-21
DELL,"Dell Technologies",2026-09-01,"After Close",442.08,7.3,+1.68%,5790455,286515552000,2026-08-21
FITY,"Fifty 1 Labs Inc",2026-09-01,--,0.0003,0,0.00%,16633035,409000,2026-08-21
GDEV,"Gdev Inc",2026-09-01,--,10.63,-0.57,-5.13%,13410,192844000,2026-08-21
GDEVW,"Nexters Inc WT",2026-09-01,--,0.002,0,0.00%,27175,N/A,2026-08-21
GEG,"Great Elm Group Inc",2026-09-01,--,2.15,0,0.00%,5835,67418000,2026-08-21
GTLB,"Gitlab Inc Cl A",2026-09-01,"After Close",41.67,-0.41,-0.97%,4285510,7038063000,2026-08-21
IRS,"Irsa Inversiones Y Representaciones S.A. ADR",2026-09-01,--,14.82,0.28,+1.93%,135690,1253950000,2026-08-21
MDB,"Mongodb Inc Cl A",2026-09-01,"After Close",430.83,10.46,+2.49%,1494075,34652516000,2026-08-21
MDT,"Medtronic Inc",2026-09-01,"Before Open",93.35,1.05,+1.14%,7157060,119486224000,2026-08-21
MMED,"Minimed Group Inc",2026-09-01,"Before Open",20.45,0.27,+1.34%,1219850,5743240000,2026-08-21
NGPHF,"Northern Graphite Corp",2026-09-01,--,0.0746,-0.0007,-0.93%,82805,12385000,2026-08-21
NIO,"Nio Inc ADR",2026-09-01,"Before Open",4.63,0.1,+2.21%,25849711,11497078000,2026-08-21
NOBH,"Nobility Homes Inc",2026-09-01,--,29,0.4,+1.40%,540,91457000,2026-08-20
PANW,"Palo Alto Networks",2026-09-01,"After Close",357.87,8.31,+2.38%,5653300,291664032000,2026-08-21
RGS,"Regis Corp",2026-09-01,"Before Open",26.79,0.26,+0.98%,6050,66943000,2026-08-21
RZLV,"Rezolve AI Plc",2026-09-01,"Before Open",2.46,-0.01,-0.40%,8620710,827367000,2026-08-21
SPWH,"Sportsman's Wareh",2026-09-01,"After Close",1.15,-0.02,-1.71%,325295,44873000,2026-08-21
UMGP,"Universal Media Group Inc",2026-09-01,--,0.059,-0.004,-6.35%,11660,1905000,2026-08-20
YEXT,"Yext Inc",2026-09-01,"Before Open",6.35,0.11,+1.76%,740980,636575000,2026-08-21
ZEPP,"Zepp Health Corp ADR",2026-09-01,"Before Open",5.15,-0.21,-3.92%,45130,75602000,2026-08-21
AEO,"American Eagle Outfitters",2026-09-02,--,16.17,0.17,+1.06%,4204620,2709655000,2026-08-21
AGX,"Argan Inc",2026-09-02,"After Close",501.63,-14.95,-2.89%,290760,7032351000,2026-08-21
AI,"C3.Ai Inc Cl A",2026-09-02,"After Close",10.3,-0.01,-0.10%,4768230,1601125000,2026-08-21
APNHY,"Aspen Pharmacre Hl ADR",2026-09-02,--,8.8,-0.6115,-6.50%,520,3927018000,2026-08-18
AVGO,"Broadcom Ltd",2026-09-02,"After Close",368.45,4.42,+1.21%,19933484,1752930400000,2026-08-21
BF.A,"Brown Forman Inc Cl A",2026-09-02,"Before Open",29.06,0.099999999999998,+0.35%,122150,13334588000,2026-08-21
BF.B,"Brown Forman Cl B",2026-09-02,"Before Open",28.44,0.030000000000001,+0.11%,2242180,13050092000,2026-08-21
CHPT,"Chargepoint Holdings",2026-09-02,"After Close",6.25,0.46,+7.94%,354095,152600000,2026-08-21
COE,"51Talk Online Education Group",2026-09-02,--,16.43,0.93,+6.00%,17480,98322000,2026-08-21
CTGL,"Citrine Global Corp",2026-09-02,--,0.0054,0.0004,+8.00%,81365,6805000,2026-08-20
CXM,"Sprinklr Inc Cl A",2026-09-02,"Before Open",7.4,0.2,+2.78%,2687400,1733295000,2026-08-21
FIVE,"Five Below Inc",2026-09-02,"After Close",250.24,13.93,+5.89%,895285,13837019000,2026-08-21
GOLD,"Gold.com Inc",2026-09-02,"After Close",46.21,0.55,+1.20%,415565,1340274000,2026-08-21
HPE,"Hewlett Packard Enterprise",2026-09-02,"After Close",53.45,0.56,+1.06%,16500875,70778648000,2026-08-21
JILL,"J. Jill Inc",2026-09-02,--,20.21,-0.11,-0.54%,57420,302160000,2026-08-21
MTRX,"Matrix Service Company",2026-09-02,"After Close",11.07,-0.11,-0.98%,182930,311443000,2026-08-21
NEWP,"New Pacific Metals Corp",2026-09-02,--,6.6,-0.25,-3.65%,603405,1222366000,2026-08-21
NTAP,"Netapp Inc",2026-09-02,"After Close",192.27,-0.54,-0.28%,2503425,37729912000,2026-08-21
NTSK,"Netskope Inc Cl A",2026-09-02,"After Close",14.51,0.13,+0.90%,4054815,5860938000,2026-08-21
OLLI,"Ollies Bargain CS",2026-09-02,"Before Open",76.07,1.32,+1.77%,1364995,4598659000,2026-08-21
PHR,"Phreesia Inc",2026-09-02,"After Close",12.12,0.12,+1.00%,840190,749161000,2026-08-21
PVH,"Phillips-Van Heusen Corp",2026-09-02,"After Close",78.5,2.41,+3.17%,878690,3619478000,2026-08-21
REX,"Rex American Resources Corp",2026-09-02,"Before Open",44.67,0.28,+0.63%,165085,1471340000,2026-08-21
SKHSY,"Sekisui House Ltd ADR",2026-09-02,--,21.85,0.3,+1.39%,24835,14237154000,2026-08-21
SNOW,"Snowflake Cl A",2026-09-02,"After Close",332.78,11.49,+3.58%,4960355,115341552000,2026-08-21
TLYS,"Tilly's Inc",2026-09-02,"After Close",3.92,0.09,+2.35%,108025,119462000,2026-08-21
YQ,"17 Education & Technology Group Inc ADR",2026-09-02,--,2.51,0.06,+2.45%,7200,27221000,2026-08-21
AMBA,"Ambarella Inc",2026-09-03,"After Close",73.73,1.28,+1.77%,1753575,3234388000,2026-08-21
AOUT,"American Outdoor Brands Inc",2026-09-03,"After Close",11.24,0.07,+0.63%,49215,141838000,2026-08-21
ASAN,"Asana Inc Cl A",2026-09-03,"After Close",9.58,0.08,+0.84%,5120855,2208286000,2026-08-21
BBCP,"Concrete Pumping Holdings Inc",2026-09-03,"After Close",9.32,0.34,+3.79%,116765,469663000,2026-08-21
BRC,"Brady Corp",2026-09-03,--,91.29,0.56,+0.62%,162550,4300945000,2026-08-21
CANG,"Cango Inc Cl A",2026-09-03,--,2.14,0.52,+32.10%,330370,38021000,2026-08-21
CIEN,"Ciena Corp",2026-09-03,"Before Open",395.79,3.31,+0.84%,2202675,56025260000,2026-08-21
CPB,"The Campbell's Company",2026-09-03,"Before Open",23.95,0.18,+0.76%,5579910,7142034000,2026-08-21
CPRT,"Copart Inc",2026-09-03,--,33.8,-0.53,-1.54%,12271960,31292410000,2026-08-21
CRESY,"Cresud Sacif ADR",2026-09-03,--,11.17,0.19,+1.73%,223460,705765000,2026-08-21
CRMT,"America's Car-Mart",2026-09-03,--,2.38,-0.45,-15.90%,200260,20619000,2026-08-21
CURV,"Torrid Holdings Inc",2026-09-03,"After Close",2.21,0.12,+5.74%,253965,219939000,2026-08-21
DAVA,"Endava Plc ADR",2026-09-03,--,3.19,0.12,+3.91%,258810,179307000,2026-08-21
DLTH,"Duluth Holdings Cl B",2026-09-03,"Before Open",3.81,-0.03,-0.78%,47700,144788000,2026-08-21
DOCU,"Docusign Inc",2026-09-03,"After Close",62,-0.28,-0.45%,2976765,11838590000,2026-08-21
DOO,"Brp Inc",2026-09-03,"Before Open",68.04,1.25,+1.87%,210825,4990462000,2026-08-21
EGAN,"Egain Corp",2026-09-03,--,7.3,0.04,+0.55%,105575,200385000,2026-08-21
EXHI,"Exlites Holdings Intl Inc",2026-09-03,--,0.35,-0.01,-2.78%,2480,15415000,2026-08-21
GCO,"Genesco Inc",2026-09-03,"Before Open",35.07,0.92,+2.69%,195020,389523000,2026-08-21
GIII,"G-III Apparel Gp",2026-09-03,--,33.78,0.6,+1.81%,399370,1425212000,2026-08-21
GWRE,"Guidewire Software Inc",2026-09-03,"After Close",189.19,7.4,+4.07%,1097830,15751201000,2026-08-21
IOT,"Samsara Inc Cl A",2026-09-03,"After Close",39.94,0.96,+2.46%,5031800,23273438000,2026-08-21
ISNPY,"Intesa Sanpaolo ADR",2026-09-03,--,47.5,-0.14,-0.29%,158965,139986144000,2026-08-21
LE,"Lands' End Inc",2026-09-03,"Before Open",12.2,0.15,+1.24%,170865,375040000,2026-08-21
LND,"Brasilagro ADR",2026-09-03,"After Close",3.77,0.05,+1.34%,42560,387115000,2026-08-21
LULU,"Lululemon Athletica",2026-09-03,"After Close",121.07,5.38,+4.65%,2609995,14367376000,2026-08-21
MAMA,"Mama's Creations Inc",2026-09-03,"After Close",16.44,0.45,+2.81%,486410,673087000,2026-08-21
MOMO,"Hello Group Inc ADR",2026-09-03,"Before Open",5.75,0.05,+0.88%,486770,618499000,2026-08-21
NX,"Quanex Building Products Corp",2026-09-03,"After Close",20.28,0.56,+2.84%,315055,931420000,2026-08-21
PATH,"Uipath Inc Cl A",2026-09-03,"After Close",16.39,0.47,+2.95%,65277004,8491986000,2026-08-21
PDEX,"Pro-Dex Inc",2026-09-03,--,65.67,-0.64,-0.97%,78215,209671000,2026-08-21
PL,"Planet Labs Pbc",2026-09-03,"After Close",22.29,0.12,+0.54%,5496350,7944224000,2026-08-21
SHOE,"Shoe Station Group Inc",2026-09-03,--,15.47,0.18,+1.18%,494595,420026000,2026-08-21
SUHJY,"Sun Hung Kai Py Ltd ADR",2026-09-03,--,16.36,0.42,+2.63%,86515,47407684000,2026-08-21
SWBI,"Smith & Wesson Brands Inc",2026-09-03,"After Close",14.1,0.19,+1.37%,435015,632244000,2026-08-21
TTC,"Toro Company",2026-09-03,"Before Open",99.44,1.65,+1.69%,536005,9469672000,2026-08-21
VBNK,Versabank,2026-09-03,--,19.82,0.39,+2.01%,103590,640721000,2026-08-21
VFS,"Vinfast Auto Ltd",2026-09-03,--,3.11,-0.01,-0.32%,345155,7284037000,2026-08-21
VSXY,"Victorias Secret & Co.",2026-09-03,"Before Open",85.39,-1.41,-1.62%,1554835,6782186000,2026-08-21
WDH,"Waterdrop Inc ADR",2026-09-03,--,1,0,0.00%,202985,360883000,2026-08-21
WLY,"John Wiley Sons Cl A",2026-09-03,--,51.58,-0.5,-0.96%,413025,2618201000,2026-08-21
WLYB,"John Wiley Sons Cl B",2026-09-03,--,52.2372,-0.9528,-1.79%,3495,2651560000,2026-08-21
ZS,"Zscaler Inc",2026-09-03,"After Close",181.74,6.79,+3.88%,2262480,29389984000,2026-08-21
ZUMZ,"Zumiez Inc",2026-09-03,--,18.27,0.8,+4.58%,240025,308251000,2026-08-21
ABM,"ABM Industries Inc",2026-09-04,--,46.81,-0.29,-0.62%,383940,2742177000,2026-08-21
ACGBY,"Agricultural B/C ADR",2026-09-04,--,19.92,-0.04,-0.20%,18220,278866496000,2026-08-21
ACHFF,"Arch Biopartners Inc Ord",2026-09-04,--,0.7959,0.0859,+12.10%,20955,54068000,2026-08-21
APEOF,"Coloured Ties Capital Inc",2026-09-04,--,0.5937,0.0037,+0.63%,10468,4331000,2026-08-21
BACHY,"Bank of China ADR",2026-09-04,--,17.46,0.15,+0.87%,41175,225033120000,2026-08-21
BCMXY,"Bank of Communs ADR",2026-09-04,--,26,0.29,+1.13%,545,77233520000,2026-08-21
BMRA,"Biomerica Inc",2026-09-04,--,1.61,0.025,+1.58%,6370,4975000,2026-08-21
CASIF,"Casi Pharmaceuticals Inc",2026-09-04,--,0.1288,0,0.00%,3385,1584000,2026-08-20
CELU,"Celularity Inc",2026-09-04,--,0.8001,0.0331,+4.32%,42960,23160000,2026-08-21
CHA,"Chagee Holdings Limited ADR",2026-09-04,"Before Open",10.81,0.19,+1.79%,500695,1984176000,2026-08-21
CICHY,"China Constr Bk ADR",2026-09-04,--,23.45,-0.09,-0.38%,59570,306726432000,2026-08-21
CIHKY,"China Mrchnts Bk ADR",2026-09-04,--,31.44,0.24,+0.77%,24140,158582400000,2026-08-21
CSUAY,"China Shenhua En ADR",2026-09-04,--,22.893,0.213,+0.94%,13425,113833264000,2026-08-21
CYVNY,"Ceryvyn Therapeutics Ltd ADR",2026-09-04,--,0.022,0,0.00%,7835,3762000,2026-08-17
ENLV,"Enlivex Ltd",2026-09-04,--,1.47,-0.03,-2.00%,471210,25703000,2026-08-21
FRO,"Frontline Plc",2026-09-04,--,43.67,0.11,+0.25%,1917685,9721946000,2026-08-21
GLGI,"Greystone Logistics Inc",2026-09-04,--,0.235,0.005,+2.17%,16685,6409000,2026-08-20
GTIJF,"Graphjet Tech A",2026-09-04,--,0.0002,0,0.00%,830,1000,2026-08-19
HLRTF,"Hillcrest Energy Tech Ltd",2026-09-04,--,0.1068,-0.0003,-0.28%,28295,22341000,2026-08-21
HTLM,"Homestolife Ltd",2026-09-04,--,1.82,0.01,+0.55%,8645,26732000,2026-08-20
HURC,"Hurco Cos Inc",2026-09-04,--,22.92,0.19,+0.84%,19920,148437000,2026-08-21
IBIO,"Ibio Inc",2026-09-04,--,1.43,-0.04,-2.72%,778700,71041000,2026-08-21
IDCBY,"Industrial & Com ADR",2026-09-04,--,18.98,-0.06,-0.32%,38605,338229568000,2026-08-21
IMMP,"Immutep Ltd ADR",2026-09-04,--,0.3861,-0.005,-1.28%,126400,56900000,2026-08-21
IMPP,"Imperial Petroleum Inc",2026-09-04,--,5.2,0.11,+2.16%,305725,188370000,2026-08-21
INNMF,"Amplia Therapeutics Ltd",2026-09-04,--,0.1066,0.0016,+1.52%,31280,54719000,2026-08-21
KNOP,"Knot Offshore Partners LP",2026-09-04,"Before Open",10.68,0.17,+1.62%,44320,359489000,2026-08-21
KT,"Korea Telecom Corp ADR",2026-09-04,--,18.9,0.23,+1.23%,1760130,9113448000,2026-08-21
MESO,"Mesoblast Ltd ADR",2026-09-04,--,17,-0.43,-2.47%,200370,2207875000,2026-08-21
NEXCF,"Nextech3D AI Corp",2026-09-04,--,0.0851,0.0019,+2.28%,230505,19865000,2026-08-21
NHHHF,"Fuelpositive Corp",2026-09-04,--,0.0402,-0.0042,-9.46%,590670,22137000,2026-08-21
NRT,"North European Oil Royalty Trust",2026-09-04,--,8.63,-0.03,-0.35%,46175,79315000,2026-08-21
PLCE,"Children's Place Inc",2026-09-04,--,2.49,0.06,+2.47%,179535,55370000,2026-08-21
PNPNF,"Power Metallic Mines Inc",2026-09-04,--,0.9107,0.0263,+2.97%,201320,237104000,2026-08-21
PRVCF,"Preveceutical Med Inc New",2026-09-04,--,0.0146,0.0013,+9.77%,30645,8734000,2026-08-21
RSASF,"Resaas Services Inc",2026-09-04,--,0.2816,-0.0284,-9.16%,9655,23665000,2026-08-21
SIGY,"Sigyn Therapeutics Inc",2026-09-04,--,0.025,-0.005,-16.67%,25955,64000,2026-08-19
SWISF,"Sekur Private Data Ltd",2026-09-04,--,0.032,0.0011,+3.56%,203950,8093000,2026-08-21
VIRC,"Virco MFG Corp",2026-09-04,--,5.94,0.05,+0.85%,26385,93436000,2026-08-21
VSQTF,"Victory Square Tech Ord",2026-09-04,--,0.4436,0.0046,+1.05%,19475,46252000,2026-08-21
YZCAY,"Yankuang Energy Gp ADR",2026-09-04,--,16.41,0.51,+3.21%,2090,15870406000,2026-08-20
ALOT,"Astronova Inc",2026-09-08,--,28.92,0.02,+0.07%,89945,226767000,2026-08-21
AVAV,"Aerovironment Inc",2026-09-08,--,160.22,0.43,+0.27%,1179495,8142861000,2026-08-21
AXR,"Amrep Corp",2026-09-08,--,23,-0.25,-1.08%,15310,122470000,2026-08-21
BIOX,"Bioceres Crop Solutions Corp",2026-09-08,--,0.4409,-0.009,-2.00%,183105,27877000,2026-08-21
BRZE,"Braze Inc Cl A",2026-09-08,"After Close",31.06,0.35,+1.14%,2296520,3498350000,2026-08-21
CASY,"Casey's General Stor",2026-09-08,"After Close",835.74,7.36,+0.89%,295110,30926560000,2026-08-21
CGNT,"Cognyte Software Ltd",2026-09-08,--,8.6,-0.02,-0.23%,493675,635540000,2026-08-21
CNM,"Core & Main Inc Cl A",2026-09-08,--,44.88,0.42,+0.94%,1788485,8685178000,2026-08-21
FCEL,"Fuelcell Energy Inc",2026-09-08,--,19.54,1.18,+6.43%,8708275,1562301000,2026-08-21
GME,"Gamestop Corp",2026-09-08,--,18.21,0.17,+0.94%,7181970,8170663000,2026-08-21
GME.W,"Gamestop Corp WT",2026-09-08,--,1.7189,0.2039,+13.46%,421305,N/A,2026-08-21
GMHS,"Gamehaus Holdings Inc Cl A",2026-09-08,"Before Open",0.7199,0.0093,+1.31%,21595,38564000,2026-08-21
INNV,"Innovage Holding Corp",2026-09-08,--,10.96,0.24,+2.24%,220350,1487666000,2026-08-21
KFY,"Korn/Ferry International",2026-09-08,--,85.06,0.47,+0.56%,323550,4368341000,2026-08-21
LAKE,"Lakeland Inds Inc",2026-09-08,--,11.25,0,0.00%,59695,111028000,2026-08-21
LITB,"Lightinthebox Holding Ltd ADR",2026-09-08,"Before Open",3.05,-0.02,-0.65%,4645,54385000,2026-08-21
LMNR,"Limoneira Company",2026-09-08,--,13.85,-0.11,-0.79%,65565,251128000,2026-08-21
MEI,"Methode Electronics",2026-09-08,--,14.28,-0.19,-1.31%,555015,506540000,2026-08-21
MIND,"Mitcham Industries Inc",2026-09-08,--,4.53,-0.12,-2.58%,93165,41174000,2026-08-21
NTRB,"Nutriband Inc",2026-09-08,--,4.67,0.85,+22.32%,9475,56725000,2026-08-21
NTRBW,"Nutriband Inc WT",2026-09-08,--,0.5,0.1002,+25.06%,4650,N/A,2026-08-21
ORCL,"Oracle Corp",2026-09-08,--,146.47,4.4,+3.10%,29087795,421902592000,2026-08-21
OXINF,"Oxford Instruments",2026-09-08,--,38,-0.012,-0.03%,915,2205786000,2026-08-21
SKIL,"Skillsoft Corp",2026-09-08,--,8.28,0.13,+1.60%,47395,74251000,2026-08-21
TTAN,"Servicetitan Inc Cl A",2026-09-08,"After Close",94.87,2.3,+2.48%,1288415,9050409000,2026-08-21
UNFI,"United Nat Foods",2026-09-08,"Before Open",48.04,1.28,+2.74%,477285,2907333000,2026-08-21
AENT,"Alliance Entertainment Holding Corp",2026-09-09,--,5.62,0.03,+0.54%,12690,286479000,2026-08-21
AENTW,"Alliance Entertainment Holding Corp WT",2026-09-09,--,0.365,0.065,+21.67%,3620,N/A,2026-08-20
ALZN,"Alzamend Neuro Inc",2026-09-09,--,1.56,-0.07,-4.29%,79910,7475000,2026-08-21
AMBR,"Amber International Holding Limited",2026-09-09,--,0.9756,-0.0086,-0.87%,29925,91975000,2026-08-21
ANIX,"Anixa Biosciences Inc",2026-09-09,--,3.71,0.12,+3.34%,206685,126225000,2026-08-21
AVNW,"Aviat Networks Inc",2026-09-09,--,20.83,0.12,+0.58%,140530,269519000,2026-08-21
CHWY,"Chewy Inc",2026-09-09,"Before Open",24.02,0.14,+0.59%,6508320,9834365000,2026-08-21
COO,"Cooper Companies",2026-09-09,"After Close",76.22,0.06,+0.08%,1827525,14865264000,2026-08-21
CULP,"Culp Inc",2026-09-09,--,3.42,0.13,+3.95%,13620,43502000,2026-08-21
DAKT,"Daktronics Inc",2026-09-09,--,19.2,0.01,+0.05%,399360,927072000,2026-08-21
DXLG,"Destination XL Group",2026-09-09,"Before Open",0.6094,-0.0106,-1.71%,32430,33683000,2026-08-21
IDEXY,"Industria Dsno ADR",2026-09-09,--,16.98,0.2,+1.19%,341855,211683008000,2026-08-21
KEQU,"Kewaunee Scientifi",2026-09-09,--,37.07,0.6,+1.65%,2990,106335000,2026-08-21
LSAK,"Lesaka Technologies Inc",2026-09-09,--,4.6,0.04,+0.88%,110955,394666000,2026-08-21
ODD,"Oddity Tech Ltd Cl A",2026-09-09,"Before Open",13.22,0.71,+5.68%,783560,761142000,2026-08-21
OXM,"Oxford Industries",2026-09-09,"After Close",36.2,1.84,+5.36%,282430,540502000,2026-08-21
SAIL,"Sailpoint Inc",2026-09-09,"Before Open",18.64,0.13,+0.70%,3045610,10572290000,2026-08-21
SCNI,"Scinai Immunotherapeutics Ltd ADR",2026-09-09,--,3.22,0.28,+9.52%,78063,1665000,2026-08-21
SIG,"Signet Jewelers Ltd",2026-09-09,"Before Open",81.37,0.35000000000001,+0.43%,649100,3200283000,2026-08-21
SUNB,"Sunbelt Rentals Holdings Inc",2026-09-09,"Before Open",76.88,-0.22,-0.29%,1948045,31516800000,2026-08-21
TEN,"Tsakos Energy Navigation Ltd",2026-09-09,"Before Open",42.71,0.39,+0.92%,194570,1286767000,2026-08-21
VNCE,"Vince Holding Corp",2026-09-09,--,6.25,0.44,+7.57%,67155,80294000,2026-08-21
WLTH,"Wealthfront Corp",2026-09-09,"After Close",9.22,0.06,+0.66%,957325,1377109000,2026-08-21
ZENVF,"Zenvia Inc",2026-09-09,--,0.0006,0.0005,+500.00%,26475,31000,2026-08-20
ADBE,"Adobe Systems Inc",2026-09-10,"After Close",275.3,3.08,+1.13%,5019350,109431752000,2026-08-21
AOXY,"Advanced Oxygen Technologies Inc",2026-09-10,--,0.076,0.0008,+1.06%,7110,250000,2026-08-19
BABYF,"Else Nutrition Holdings Inc",2026-09-10,--,0.0857,0.0076,+9.73%,85100,649000,2026-08-21
CAL,"Caleres Inc",2026-09-10,"Before Open",13.62,0.73,+5.66%,493845,457496000,2026-08-21
CMCM,"Cheetah Mobile Inc ADR",2026-09-10,--,2.96,0.02,+0.68%,5575,89735000,2026-08-21
CMND,"Clearmind Medicine Inc",2026-09-10,--,1.74,0.01,+0.58%,146610,1773000,2026-08-21
DBI,"Designer Brands Inc",2026-09-10,"Before Open",5.75,0.0099999999999998,+0.17%,394260,291968000,2026-08-21
DSGX,"Descartes Sys Group",2026-09-10,"After Close",78.21,0.38,+0.49%,469120,6698999000,2026-08-21
ENGN,"Engene Therapeutics Inc",2026-09-10,--,1.78,0.01,+0.56%,648410,119233000,2026-08-21
ENGNW,"Engene Holdings WT",2026-09-10,--,0.4301,0.1799,+71.90%,7655,N/A,2026-08-21
EVI,"Evi Industries Inc",2026-09-10,--,15.14,-0.05,-0.33%,125525,194837000,2026-08-21
FBDS,"Fuss Brands Corp",2026-09-10,--,0.08,0,0.00%,N/A,1716000,2026-08-20
FEIM,"Frequency Elcts Inc",2026-09-10,--,61.69,-3.85,-5.87%,361455,608886000,2026-08-21
FIZZ,"Natl Beverage Corp",2026-09-10,--,32.37,0.16,+0.50%,337220,3030220000,2026-08-21
FLWS,1-800-Flowers.com,2026-09-10,"Before Open",3.97,-0.05,-1.24%,201430,254469000,2026-08-21
HLMAF,"Halma Plc",2026-09-10,--,48.68,1.88,+4.02%,4785,18481118000,2026-08-21
HOFT,"Hooker Furnishings Corp",2026-09-10,--,14.47,0.15,+1.05%,40360,155437000,2026-08-21
HSCS,"Heartsciences Inc",2026-09-10,--,2.8,0.29,+11.55%,91125,10919000,2026-08-21
HSCSW,"Heart Test Laboratories WT",2026-09-10,--,0.042,0.0014,+3.45%,6575,N/A,2026-08-20
IBEX,"Ibex Ltd",2026-09-10,--,36.56,0.43,+1.19%,106340,489502000,2026-08-21
IDWM,"Idw Media Hldgs Inc B",2026-09-10,--,41.275,8.725,+26.80%,250,11868000,2026-08-21
KMTS,"Kestra Medical Technologies Ltd",2026-09-10,--,26.99,-0.27,-0.99%,319535,1581695000,2026-08-21
LOVE,"The Lovesac Company",2026-09-10,--,16.07,-0.2,-1.23%,200120,235233000,2026-08-21
M,"Macy's Inc",2026-09-10,"Before Open",22.82,0.24,+1.06%,4946810,6002527000,2026-08-21
OCC,"Optical Cable Corp",2026-09-10,--,13.85,-0.27,-1.91%,243475,122255000,2026-08-21
RENT,"Rent The Runway Inc Cl A",2026-09-10,--,3.8,0.14,+3.83%,42775,127627000,2026-08-21
RFIL,"RF Industries Ltd",2026-09-10,--,11.18,-0.07,-0.62%,231190,121281000,2026-08-21
RH,"Rh Common Stock",2026-09-10,--,153.21,-3.2,-2.05%,679540,2895821000,2026-08-21
SVBL,"Silver Bull Resources Inc",2026-09-10,--,0.1021,-0.0143,-12.29%,30615,4850000,2026-08-21
UROY,"Uranium Royalty Corp",2026-09-10,--,4.38,0.23,+5.54%,3243455,1668780000,2026-08-21
VRA,"Vera Bradley",2026-09-10,--,3.15,0.11,+3.62%,111630,89580000,2026-08-21
IHT,"Innsuites Hospitality Trust",2026-09-11,--,1.51,-0.05,-3.21%,17850,14198000,2026-08-21
JVA,"Coffee Holding Company",2026-09-11,--,3.53,0,0.00%,57175,20151000,2026-08-21
KR,"Kroger Company",2026-09-11,"Before Open",57.9,1.58,+2.81%,6254605,35472260000,2026-08-21
TPET,"Trio Petroleum Corp",2026-09-11,--,0.207,0.002,+0.98%,1377450,9163000,2026-08-21
ABVX,"Abivax Sa ADR",2026-09-14,--,114.95,-3.25,-2.75%,882020,10029846000,2026-08-21
AVO,"Mission Produce Inc",2026-09-14,--,13.29,0.05,+0.38%,680550,1173773000,2026-08-21
BNR,"Burning Rock Biotech Ltd ADR",2026-09-14,--,9.78,0.53,+5.73%,5455,102866000,2026-08-21
DLNG,"Dynagas Lng Partners LP",2026-09-14,--,3.87,0.03,+0.78%,56040,140938000,2026-08-21
GROW,"U S Global Inv Inc",2026-09-14,--,3.29,0.05,+1.39%,17730,40809000,2026-08-21
HAIN,"Hain Celestial Group",2026-09-14,"Before Open",0.7933,0.1715,+27.58%,866855,71598000,2026-08-21
VZLA,"Vizsla Silver Corp",2026-09-14,--,3.96,0.09,+2.33%,5414780,1399999000,2026-08-21
DTEAF,"Davidstea Inc",2026-09-15,--,0.6592,0.0142,+2.20%,3750,17516000,2026-08-21
EPM,"Evolution Petroleum Corp",2026-09-15,--,3.53,-0.02,-0.56%,578765,126904000,2026-08-21
ESP,"Espey Mfg. & Electronics",2026-09-15,--,64.78,2.47,+3.96%,34770,194074000,2026-08-21
PBMLF,"Pacific Booker Minerals",2026-09-15,--,2.17,0.17,+8.50%,4465,41414000,2026-08-21
BTDPY,"Barratt Redrow Plc ADR",2026-09-16,--,8.48,0.09,+1.07%,33205,5954919000,2026-08-21
CBRL,"Cracker Barrel",2026-09-16,--,57.65,2.52,+4.57%,789720,1288535000,2026-08-21
DLMAF,"Dollarama Inc Ord",2026-09-16,"Before Open",135.18,-0.53,-0.39%,26140,36425060000,2026-08-21
DSWL,"Deswell Inds Inc",2026-09-16,--,3.19,0.07,+2.24%,8900,50673000,2026-08-21
GIS,"General Mills",2026-09-16,--,39.97,0.36,+0.91%,8199515,21369122000,2026-08-21
HERE,"Here Group Ltd ADR",2026-09-16,--,1.85,0.01,+0.54%,19870,101117000,2026-08-21
MANU,"Manchester United Ltd",2026-09-16,--,23.75,-0.27,-1.12%,308380,4095189000,2026-08-21
PLUR,"Pluri Inc",2026-09-16,--,1.71,-0.06,-3.39%,18015,18451000,2026-08-21
RZLT,"Rezolute Inc",2026-09-16,--,5.09,0.43,+9.23%,1362620,490126000,2026-08-21
SANG,"Sangoma Technologies Corp",2026-09-16,--,3.98,-0.08,-1.97%,6895,132450000,2026-08-21
STAI,"Scantech AI Systems Inc",2026-09-16,--,0.0003,-0.0107,-97.27%,2990,2000,2026-08-21
YI,"111 Inc ADR",2026-09-16,--,3.57,0.13,+3.78%,3465,31363000,2026-08-21
ABAT,"American Battery Technology Co.",2026-09-17,--,2.57,0.24,+10.30%,3233370,350584000,2026-08-21
AJMPF,"Ashmore Group Plc Ord",2026-09-17,--,2.85,-0.1,-3.39%,2060,2031312000,2026-08-18
DRI,"Darden Restaurants",2026-09-17,--,221.6,3.65,+1.67%,1154355,25279684000,2026-08-21
FDS,"Factset Research Systems",2026-09-17,--,299.91,-0.15,-0.05%,857605,10666600000,2026-08-21
IH,"Ihuman Inc ADR",2026-09-17,--,1.23,-0.01,-0.81%,4115,62863000,2026-08-21
LEN,"Lennar Corp",2026-09-17,--,87.02,1.6,+1.87%,2285610,20962682000,2026-08-21
LEN.B,"Lennar Corp Cl B",2026-09-17,--,85.49,1.65,+1.97%,80530,20594114000,2026-08-21
RNSHF,"Renishaw Plc",2026-09-17,--,69.11,-1.14,-1.62%,760,5026301000,2026-08-17
RSSS,"Research Solutions Inc",2026-09-17,--,2.25,0.05,+2.27%,30490,75258000,2026-08-21
SCHL,"Scholastic Corp",2026-09-17,--,40.14,0.16,+0.40%,360325,757161000,2026-08-21
AIRYY,"Air China Ltd ADR",2026-09-18,--,10.4,-0.0004,0.00%,460,9073178000,2026-08-18
MNY,"Moneyhero Limited Cl A",2026-09-18,--,0.89,-0.01,-1.11%,10695,39006000,2026-08-21
SRCO,"Sparta Comml Svcs Inc",2026-09-18,--,0.07,-0.005,-6.67%,29710,3825000,2026-08-21
TRT,"Trio-Tech International",2026-09-18,--,11,-0.14,-1.26%,265085,111243000,2026-08-21
AMEN,"Amen Properties Inc",2026-09-21,--,590.01,-7.49,-1.25%,100,31353000,2026-08-21
BRRE,"Blue Ridge Real Estate CO",2026-09-21,--,10.5,0.5,+5.00%,1800,25288000,2026-08-20
CODA,"Coda Octopus Group",2026-09-21,--,10.1,-0.02,-0.25%,73655,113882000,2026-08-21
CSBR,"Champions Oncolog",2026-09-21,--,4.96,-0.22,-4.25%,11865,68916000,2026-08-21
DDDX,"3Dx Industries Inc",2026-09-21,--,0.0045,0.0001,+2.27%,92120,542000,2026-08-21
HCBC,"High Country Bancorp Inc",2026-09-21,--,46.83,-0.17,-0.36%,1040,46712000,2026-08-20
HITI,"High Tide Inc",2026-09-21,--,2.45,0,0.00%,438650,215541000,2026-08-21
HYFT,"Mindwalk Holdings Corp",2026-09-21,--,1.41,0.04,+2.92%,163640,65864000,2026-08-21
ISPR,"Ispire Technology Inc",2026-09-21,--,1.49,-0.02,-1.32%,21990,85524000,2026-08-21
IVDN,"Innovative Designs Inc",2026-09-21,--,0.2227,-0.0221,-9.03%,35010,8587000,2026-08-21
KEP,"Korea Electric Power Corp ADR",2026-09-21,--,11.26,0.029999999999999,+0.27%,1040005,14457029000,2026-08-21
MSB,"Mesabi Trust",2026-09-21,--,22.77,-0.38,-1.64%,36705,298742000,2026-08-21
OPTT,"Ocean Power Tech Inc",2026-09-21,--,0.1843,-0.0042,-2.23%,5467940,49787000,2026-08-21
PBSV,"Pharm-Bio Serv Inc",2026-09-21,--,0.54,0.1175,+27.81%,3490,12367000,2026-08-20
PLAY,"Dave & Buster's Entertainment",2026-09-21,--,10.25,0.4,+4.06%,1371820,356587000,2026-08-21
PMCB,"Pharmacyte Biotech Inc",2026-09-21,--,0.533,0.0187,+3.64%,133255,5722000,2026-08-21
PPIH,"Perma-Pipe International Holdings Inc",2026-09-21,--,27.61,0.72,+2.68%,78860,224350000,2026-08-21
RLGT,"Radiant Logistics",2026-09-21,--,8.43,-0.22,-2.54%,103290,394794000,2026-08-21
SEOVF,"Sernova Biotherapeutics",2026-09-21,--,0.0807,-0.0009,-1.10%,59695,30476000,2026-08-21
USAU,"U.S. Gold Corp",2026-09-21,--,16.38,-0.2,-1.21%,245250,270696000,2026-08-21
VALU,"Value Line Inc",2026-09-21,--,36.73,-1.17,-3.09%,3355,344612000,2026-08-21
YYAI,"Airwa Inc",2026-09-21,--,1.075,-0.115,-9.66%,4770988,57000,2026-08-21
AIR,"AAR Corp",2026-09-22,--,134.82,2.43,+1.84%,415370,5378239000,2026-08-21
AYTU,"Aytu Biopharma Inc",2026-09-22,--,2.37,0.09,+3.95%,36000,25437000,2026-08-21
AZO,Autozone,2026-09-22,--,2957.95,-4.04,-0.14%,189725,48288536000,2026-08-21
BLOZF,"Cannabix Techs Inc Ord",2026-09-22,--,0.36,0,0.00%,49385,44223000,2026-08-21
INBP,"Integrated Biopharma Inc",2026-09-22,--,0.18,0.0019,+1.07%,7170,5576000,2026-08-21
MLKN,"Millerknoll Inc",2026-09-22,--,23.03,0.27,+1.19%,564160,1568873000,2026-08-21
MU,"Micron Technology",2026-09-22,--,966.78,-7.55,-0.77%,39228484,1091874560000,2026-08-21
NAII,"Natural Alternativ",2026-09-22,--,2.15,0.08,+3.86%,80175,13492000,2026-08-21
NMTLF,"New Age Metals Inc",2026-09-22,--,0.1847,0.0076,+4.29%,46805,13811000,2026-08-21
SMGZY,"Smiths Group Plc ADR",2026-09-22,--,35.6499,0.3799,+1.08%,13820,10545490000,2026-08-21
WOR,"Worthington Enterprises Inc",2026-09-22,"After Close",56.86,0.47,+0.83%,206715,2781989000,2026-08-21
CTAS,"Cintas Corp",2026-09-23,--,203.79,0.27,+0.13%,2096460,81550648000,2026-08-21
FUL,"H. B. Fuller Company",2026-09-23,--,58.7,-0.46,-0.78%,693105,3157297000,2026-08-21
KBH,"KB Home",2026-09-23,--,55.37,0.91,+1.67%,923580,3394735000,2026-08-21
RWWI,"Rand Worldwide Inc",2026-09-23,--,12.25,-0.6,-4.67%,2610,411710000,2026-08-21
SFIX,"Stitch Fix Inc",2026-09-23,--,3.34,0,0.00%,1530945,445643000,2026-08-21
THO,"Thor Industries",2026-09-23,--,79.49,0.75,+0.95%,560530,4138010000,2026-08-21
UEC,"Uranium Energy",2026-09-23,--,12.76,1.61,+14.44%,7798885,6314567000,2026-08-21
WS,"Worthington Steel Inc",2026-09-23,--,34.93,0.98,+2.89%,217815,1779579000,2026-08-21
ASTC,"Astrotech Corp",2026-09-24,--,7.51,-0.05,-0.66%,320355,15828000,2026-08-21
BB,"Blackberry Ltd",2026-09-24,--,8.04,-0.1,-1.23%,11408630,4719737000,2026-08-21
BTOC,"Armlogi Holding Corp",2026-09-24,--,0.288,0.0075,+2.67%,226360,13088000,2026-08-21
CNXC,"Concentrix Corp",2026-09-24,--,25.4,0.2,+0.79%,1182765,1549857000,2026-08-21
COST,"Costco Wholesale",2026-09-24,"After Close",947.74,14.23,+1.52%,1867165,420302784000,2026-08-21
HNNMY,"Hennes&Mauritz ADR",2026-09-24,--,3.81,0.03,+0.79%,123285,26755210000,2026-08-21
JBL,"Jabil Circuit",2026-09-24,--,313.21,-3.44,-1.09%,1064980,32820336000,2026-08-21
KMX,"Carmax Inc",2026-09-24,--,62.13,1.08,+1.77%,2055530,8816930000,2026-08-21
LGCY,"Legacy Education Inc",2026-09-24,--,10.55,0.030000000000001,+0.29%,45670,133479000,2026-08-21
LPTH,"Lightpath Tech Inc",2026-09-24,--,14.42,1.4,+10.75%,2657925,905417000,2026-08-21
LUXE,"Luxexperience B.V. ADR",2026-09-24,--,7.77,-0.09,-1.15%,117070,665881000,2026-08-21
PZG,"Paramount Gold and Silver",2026-09-24,--,1.53,-0.02,-1.29%,602925,131250000,2026-08-21
RAVE,"Rave Restaurant Group",2026-09-24,--,3.11,0.01,+0.32%,24905,44199000,2026-08-21
SNX,"Synnex Corp",2026-09-24,--,250.14,-0.63,-0.25%,688980,20000942000,2026-08-21
TBN,"Tamboran Resources Corp",2026-09-24,--,37.97,0,0.00%,114985,1075273000,2026-08-21
AMTY,"Amerityre Corp",2026-09-25,--,0.026,-0.002,-7.14%,27625,2148000,2026-08-19
BETRF,"Betterlife Pharma Inc",2026-09-25,--,0.2226,-0.0236,-9.59%,152440,36339000,2026-08-21
BKRRF,"Blackrock Silver Corp",2026-09-25,--,0.9225,0.0403,+4.57%,376910,346211000,2026-08-21
BLSTF,"Blackstone Minerals Ltd",2026-09-25,--,0.031,0,0.00%,68080,18445000,2026-08-21
DTSS,"Datasea Intelligent Technology Ltd",2026-09-25,--,0.7101,-0.0274,-3.72%,460615,7403000,2026-08-21
DYLLF,"Deep Yellow Ltd",2026-09-25,--,1.1,0.035,+3.29%,78190,1070190000,2026-08-21
FCLIF,"Full Circle Lithium Corp",2026-09-25,--,0.3152,0.0126,+4.16%,53155,36350000,2026-08-21
LITS,"Lite Strategy Inc",2026-09-25,--,0.9897,0.0463,+4.91%,129065,33675000,2026-08-21
MITQ,"Moving Image Technologies Inc",2026-09-25,--,0.54,0,0.00%,19410,5368000,2026-08-21
MVCO,"Metavesco Inc.",2026-09-25,--,0.0008,0.0001,+14.29%,5409410,3862000,2026-08-21
NDVLY,"New World Development Co. Ltd",2026-09-25,--,0.4461,0.0703,+18.71%,1210,561335000,2026-08-21
SKHHY,"Sonic Healthcare ADR",2026-09-25,--,15.08,-0.1,-0.66%,86810,7453110000,2026-08-21
AIAI,"Aiai Holdings Corporation Cl A",2026-09-28,--,6.62,2.09,+46.14%,866460,467789000,2026-08-21
BNTC,"Benitec Biopharma Ltd ADR",2026-09-28,--,13.48,0.47,+3.61%,174805,463092000,2026-08-21
EBF,"Ennis Inc",2026-09-28,--,21.57,-0.58,-2.62%,153215,545678000,2026-08-21
INM,"Inmed Pharmaceuticals Inc",2026-09-28,--,1.46,-0.12,-7.59%,121345,4839000,2026-08-21
MSS,"Maison Solutions Inc Cl A",2026-09-28,--,1.48,-0.11,-6.92%,5233250,901000,2026-08-21
NCPL,"Netcapital Inc",2026-09-28,--,0.2388,0.0053,+2.27%,1080320,1874000,2026-08-21
NCPLW,"Netcapital Inc WT",2026-09-28,--,0.0246,0,0.00%,4835,N/A,2026-08-20
OFED,"Oconee Federal Fincl Corp",2026-09-28,--,21.75,0.25,+1.16%,940,126570000,2026-08-21
PBM,"Psyence Biomedical Ltd",2026-09-28,--,4.33,0.4,+10.18%,117940,9930000,2026-08-21
AOREF,"American Overseas Grp New",2026-09-29,--,1000,0,0.00%,100,46970000,2026-08-19
INTG,"Intergroup Corp",2026-09-29,--,32.01,-0.02,-0.06%,116320,68783000,2026-08-21
IPX,"Iperionx Limited ADR",2026-09-29,--,22.5,1.86,+9.04%,241760,815040000,2026-08-21
LW,"Lamb Weston Holdings Inc",2026-09-29,--,53.68,0.21,+0.39%,1452020,7380088000,2026-08-21
NKE,"Nike Inc",2026-09-29,--,40.76,0.55,+1.37%,24057596,60467420000,2026-08-21
PAYX,"Paychex Inc",2026-09-29,--,124.47,1.56,+1.27%,2834415,44273644000,2026-08-21
RIINF,"Canadian Critical Minerals Inc",2026-09-29,--,0.026,0.0006,+2.36%,279085,8780000,2026-08-21
TMQ,"Trilogy Metals Inc",2026-09-29,--,3.96,0.33,+9.09%,1293190,683480000,2026-08-21
ACN,"Accenture Plc",2026-10-01,"Before Open",185.28,3.93,+2.17%,6460360,123732016000,2026-08-21
ANGO,"Angiodynamics Inc",2026-10-01,--,15.75,-0.07,-0.44%,453100,650979000,2026-08-21
EQFN,"Equitable Financial Corp",2026-10-01,--,19.468,0.118,+0.61%,2340,48115000,2026-08-21
PBK,"Powerbank Corporation",2026-10-01,--,0.4697,-0.0043,-0.91%,799010,27694000,2026-08-21
SENR,"Strategic Envir&Engy Res",2026-10-01,--,0.0001,-0.0002,-66.67%,22465,7000,2026-08-20
VRAX,"Virax Biolabs Group Limited",2026-10-01,--,3.19,-0.26,-7.54%,1005285,2542000,2026-08-21
BABB,"Bab Inc",2026-10-02,--,0.8575,-0.0224,-2.55%,5150,6228000,2026-08-21
YASKY,"Yaskawa Electric ADR",2026-10-02,--,62.5375,0.4375,+0.70%,12495,8109363000,2026-08-21
ADXN,"Addex Therapeutics Ltd ADR",2026-10-05,--,4.94,0.37,+8.10%,377710,6086000,2026-08-21
AEHR,"Aehr Test Systems",2026-10-05,--,101.73,-4.24,-4.00%,2542110,3318432000,2026-08-21
AMST,"Amesite Inc",2026-10-05,--,1.07,0.15,+16.30%,64140,7008000,2026-08-21
ANEB,"Anebulo Pharmaceuticals Inc",2026-10-05,--,0.33,-0.0199,-5.69%,395,13459000,2026-08-21
BNET,"Bion Environmental Technologies Inc",2026-10-05,--,0.165,-0.015,-8.33%,6895,9589000,2026-08-20
BOTX,"Datz World Holdings Corp",2026-10-05,--,0.0401,0.0051,+14.57%,2305,26000,2026-08-18
BTLN,"Brightline Interactive Inc",2026-10-05,--,1.07,0.14,+15.05%,168800,22552000,2026-08-21
CCL,"Carnival Corporation Ltd",2026-10-05,--,25.73,0.36,+1.42%,17782895,35241072000,2026-08-21
DHTI,"Dalrada Technology Group",2026-10-05,--,0.012,0.0045,+60.00%,141515,1442000,2026-08-21
ESMC,"Escalon Medical Corp",2026-10-05,--,0.175,0.0006,+0.34%,7760,1298000,2026-08-20
FEAM,"5E Advanced Materials Inc",2026-10-05,--,1.67,0.11,+7.05%,1169770,69330000,2026-08-21
FKWL,"Franklin Wireless Co.",2026-10-05,--,2.5,0.09,+3.73%,19015,29460000,2026-08-21
GGRP,"The Glimpse Group Inc",2026-10-05,--,0.931,0.041,+4.61%,126570,20202000,2026-08-19
GMBL,"Esports Entmnt Grp Inc",2026-10-05,--,0.0891,0.0081,+10.00%,1760,102000,2026-08-21
IDT,"IDT Corp",2026-10-05,--,67.92,0.73,+1.09%,173310,1689102000,2026-08-21
IXHL,"Incannex Healthcare Inc ADR",2026-10-05,--,3.57,-0.05,-1.38%,89345,42715000,2026-08-21
JEF,"Jefferies Financial Group Inc",2026-10-05,--,52.33,0.55,+1.06%,2019095,10138571000,2026-08-21
MARPS,"Marine Petroleum U",2026-10-05,--,4.88,0.03,+0.52%,2730,9750000,2026-08-21
MTN,"Vail Resorts",2026-10-05,--,152.81,2.59,+1.72%,575940,5445230000,2026-08-21
MTN.W,"Ch4 Natural Solutions Corporation WT [Mtne.Ws]",2026-10-05,--,0.3,-0.01,-3.23%,43340,N/A,2026-08-21
NEOV,"Neovolta Inc",2026-10-05,--,3.34,-0.1,-2.91%,1632385,189064000,2026-08-21
NEOVW,"Neovolta Inc WT",2026-10-05,--,1.27,0,0.00%,735,N/A,2026-08-20
NEUP,"Neuphoria Therapeutics Inc",2026-10-05,--,3.91,-0.04,-1.01%,65355,21132000,2026-08-21
NNVC,"Nanoviricides Inc",2026-10-05,--,1.33,0.02,+1.53%,303455,30567000,2026-08-21
NSRCF,"Nextsource Materials Inc",2026-10-05,--,0.2036,-0.0111,-5.17%,7875,49982000,2026-08-21
NTWK,"Netsol Tech Inc",2026-10-05,--,4.06,0.03,+0.74%,17810,48217000,2026-08-21
OROXF,"Orosur Mining Inc",2026-10-05,--,0.2202,-0.0098,-4.26%,22510,88301000,2026-08-21
PENMF,"Peninsula Energy Ltd",2026-10-05,--,0.228,-0.0232,-9.24%,32610,92937000,2026-08-21
PKKFF,"Tenet Fintech Group Inc",2026-10-05,--,0.1693,0.0093,+5.81%,193090,69505000,2026-08-21
POCI,"Precision Optics Corp Inc",2026-10-05,--,4.56,0.13,+2.93%,54265,49909000,2026-08-21
PPCB,"Propanc Biopharma Inc",2026-10-05,--,1.08,-0.02,-1.82%,147640,2461000,2026-08-21
PRGS,"Progress Software",2026-10-05,--,44.36,1.15,+2.66%,468620,1819337000,2026-08-21
PVSP,"Pervasip Corp",2026-10-05,--,0.0001,0,0.00%,13053171,543000,2026-08-19
RYSMF,"Royal Standard Minerals Inc",2026-10-05,--,0.0001,0,0.00%,N/A,0,2026-08-20
SNRY,"Solar Energy Initiatives Inc",2026-10-05,--,0.0024,0.0007,+41.18%,5403650,3600000,2026-08-21
STZ,"Constellation Brands",2026-10-05,--,135.66,1.52,+1.13%,1807215,23167742000,2026-08-21
TRAK,"Repositrak Inc",2026-10-05,--,8,0.02,+0.25%,53695,145392000,2026-08-21
"Downloaded from Barchart.com as of 08-22-2026 12:00pm CDT"
